-- phpMyAdmin SQL Dump
-- version 5.1.1
-- https://www.phpmyadmin.net/
--
-- Host: 127.0.0.1
-- Generation Time: Jun 27, 2021 at 01:38 PM
-- Server version: 10.4.19-MariaDB
-- PHP Version: 8.0.7

SET SQL_MODE = "NO_AUTO_VALUE_ON_ZERO";
START TRANSACTION;
SET time_zone = "+00:00";


/*!40101 SET @OLD_CHARACTER_SET_CLIENT=@@CHARACTER_SET_CLIENT */;
/*!40101 SET @OLD_CHARACTER_SET_RESULTS=@@CHARACTER_SET_RESULTS */;
/*!40101 SET @OLD_COLLATION_CONNECTION=@@COLLATION_CONNECTION */;
/*!40101 SET NAMES utf8mb4 */;

--
-- Database: `kino`
--

-- --------------------------------------------------------

--
-- Table structure for table `movies`
--

CREATE TABLE `movies` (
  `id` int(5) NOT NULL,
  `title` varchar(50) NOT NULL,
  `description` varchar(1000) NOT NULL,
  `genre` varchar(200) NOT NULL,
  `length` int(3) NOT NULL,
  `image` varchar(30) DEFAULT NULL
) ENGINE=InnoDB DEFAULT CHARSET=utf8mb4;

--
-- Dumping data for table `movies`
--

INSERT INTO `movies` (`id`, `title`, `description`, `genre`, `length`, `image`) VALUES
(3, 'Psy 2', 'Film o psach (bardzo dobry)', 'Przyrodniczy, Przygodowy, Psi', 120, 'images/świder.png'),
(4, 'Dziecko Rosemary', 'Sąsiadka Rosemary częstuje ją dziwnym deserem, kt&oacute;ry wywołuje halucynacje i koszmary. Wkr&oacute;tce dziewczyna dowiaduje się, że jest w ciąży.', 'Horror/Psychologiczny', 140, 'images/dziecko_rosemary.jpg'),
(5, 'DRACULA', 'Rumuński książę, a w rzeczywistości wampir Vlad Dracula wyjeżdża do Londynu, gdzie mieszka kobieta przypominająca mu jego tragicznie utraconą ukochaną.', 'Horror', 130, 'images/dracula.jpg'),
(6, 'To', 'Dzieci z małego miasteczka terroryzuje tajemnicza istota przybierająca postać klauna.', 'Horror', 140, 'images/to.jpg'),
(7, 'Resident Evil', 'Na terenie tajnego kompleksu badawczego zostaje uwolniony wirus, zamieniający żywe istoty w zombie. Grupa ocalałych stara się wydostać z wrogiego miejsca.', 'Horror/Akcja', 100, 'images/resident_evil.jpg'),
(8, 'Ciche Miejsce', 'Pięcioosobowa rodzina stara się przetrwać w świecie pełnym potwor&oacute;w, kt&oacute;re stanowią śmiertelne niebezpieczeństwo, a zwabia je najmniejszy hałas.', 'Horror/Sci-Fi', 100, 'images/ciche_miejsce.jpg'),
(9, 'Sanktuarium', 'W małym miasteczku w Nowej Anglii dziennikarz odkrywa serię pozornie &quot;boskich&quot; zdarzeń. Postanawia przeprowadzić dziennikarskie śledztwo, bo &quot;cuda&quot; mogą mieć znacznie mroczniejsze źr&oacute;dła.', 'Horror', 100, 'images/sanktuarium.jpg');

-- --------------------------------------------------------

--
-- Table structure for table `screenings`
--

CREATE TABLE `screenings` (
  `id` int(5) NOT NULL,
  `movie_id` int(5) DEFAULT NULL,
  `time` int(10) DEFAULT NULL,
  `is_3D` tinyint(1) DEFAULT NULL
) ENGINE=InnoDB DEFAULT CHARSET=utf8mb4;

--
-- Dumping data for table `screenings`
--

INSERT INTO `screenings` (`id`, `movie_id`, `time`, `is_3D`) VALUES
(1028, 6, 1624722893, 0),
(1029, 6, 1624792725, 0),
(1030, 9, 1624823950, 0),
(1031, 8, 1624871340, 0),
(1032, 6, 1624891724, 0),
(1033, 5, 1624959706, 1),
(1034, 4, 1624976783, 1),
(1035, 5, 1624987218, 0),
(1036, 9, 1625048397, 0),
(1037, 6, 1625058069, 0),
(1038, 3, 1625072191, 0),
(1039, 3, 1625134261, 1),
(1040, 4, 1625154697, 1),
(1041, 5, 1625223826, 0),
(1042, 8, 1625315774, 0),
(1043, 4, 1625385732, 0),
(1044, 5, 1625405948, 0),
(1045, 6, 1625427818, 1),
(1046, 9, 1625473253, 0),
(1047, 7, 1625515061, 1),
(1048, 7, 1625572090, 0),
(1049, 5, 1625592735, 1),
(1050, 7, 1625656927, 0),
(1051, 8, 1625674418, 1),
(1052, 6, 1625683898, 1),
(1053, 6, 1625766222, 1),
(1054, 8, 1625833220, 1),
(1055, 9, 1625905509, 0),
(1056, 7, 1625945288, 0),
(1057, 6, 1625992362, 1),
(1058, 9, 1626007929, 1),
(1059, 6, 1626022366, 1),
(1060, 8, 1626080014, 1),
(1061, 6, 1626105433, 0),
(1062, 5, 1626168187, 0),
(1063, 6, 1626183139, 0),
(1064, 8, 1626206040, 0),
(1065, 6, 1626278850, 0),
(1066, 7, 1626338104, 1),
(1067, 6, 1626361244, 0),
(1068, 9, 1626370980, 0),
(1069, 3, 1626454245, 0),
(1070, 3, 1626540836, 0),
(1071, 5, 1626625660, 1),
(1072, 6, 1626720972, 1),
(1073, 8, 1626771533, 0),
(1074, 9, 1626794715, 0),
(1075, 9, 1626870886, 1),
(1076, 6, 1626895437, 1),
(1077, 8, 1626947184, 0),
(1078, 3, 1626958278, 1),
(1079, 7, 1626978768, 0),
(1080, 6, 1627056087, 0),
(1081, 8, 1627066411, 0),
(1082, 9, 1627115445, 1),
(1083, 9, 1627154579, 1),
(1084, 7, 1627227782, 0),
(1085, 8, 1627321204, 1),
(1086, 7, 1627386394, 0),
(1087, 9, 1627398367, 0),
(1088, 8, 1627466102, 0),
(1089, 8, 1627490699, 1),
(1090, 7, 1627549967, 1),
(1091, 6, 1627571334, 0),
(1092, 8, 1627648632, 1),
(1093, 9, 1627663871, 0),
(1094, 4, 1627735545, 0),
(1095, 5, 1627807689, 1),
(1096, 6, 1627837331, 1),
(1097, 6, 1627892816, 0),
(1098, 4, 1627909706, 0),
(1099, 7, 1627981856, 0),
(1100, 3, 1628009927, 1),
(1101, 9, 1628081817, 1),
(1102, 4, 1628095134, 0),
(1103, 6, 1628181607, 0),
(1104, 5, 1628244905, 0),
(1105, 8, 1628326651, 1),
(1106, 8, 1628361309, 1),
(1107, 6, 1628423823, 1),
(1108, 5, 1628501668, 0),
(1109, 3, 1628523673, 0),
(1110, 4, 1628594820, 0),
(1111, 9, 1628683846, 1),
(1112, 7, 1628711472, 1),
(1113, 4, 1628776614, 0),
(1114, 3, 1628859463, 0),
(1115, 9, 1628940269, 0),
(1116, 8, 1629019634, 1),
(1117, 8, 1629121201, 1),
(1118, 8, 1629130695, 1),
(1119, 8, 1629210770, 0),
(1120, 8, 1629295944, 1),
(1121, 6, 1629311971, 0),
(1122, 3, 1629368885, 1),
(1123, 4, 1629453792, 1),
(1124, 7, 1629476536, 0),
(1125, 8, 1629545923, 0),
(1126, 3, 1629563122, 1),
(1127, 9, 1629626514, 1),
(1128, 9, 1629656716, 1),
(1129, 6, 1629722726, 0),
(1130, 6, 1629743907, 0),
(1131, 3, 1629818538, 0),
(1132, 7, 1629905870, 1),
(1133, 9, 1629921334, 1),
(1134, 7, 1629976334, 0),
(1135, 6, 1630070382, 0),
(1136, 7, 1630157815, 0),
(1137, 6, 1630173920, 0),
(1138, 5, 1630225282, 1),
(1139, 5, 1630235143, 1),
(1140, 5, 1630256495, 1),
(1141, 7, 1630327703, 1),
(1142, 7, 1630406617, 1),
(1143, 4, 1630415919, 0),
(1144, 5, 1630510843, 1),
(1145, 5, 1630577415, 1),
(1146, 6, 1630609072, 1),
(1147, 6, 1630659029, 0),
(1148, 4, 1630690507, 1),
(1149, 5, 1630750937, 0),
(1150, 3, 1630767906, 0),
(1151, 8, 1630782380, 0),
(1152, 5, 1630838739, 0),
(1153, 7, 1630852451, 1),
(1154, 7, 1630922837, 1),
(1155, 5, 1630952734, 1),
(1156, 4, 1631008940, 1),
(1157, 9, 1631039003, 0),
(1158, 4, 1631109708, 1),
(1159, 8, 1631176623, 1),
(1160, 4, 1631196822, 1),
(1161, 8, 1631277365, 0),
(1162, 8, 1631299776, 0),
(1163, 5, 1631356982, 0),
(1164, 5, 1631458333, 1),
(1165, 4, 1631538482, 0),
(1166, 7, 1631609839, 1),
(1167, 4, 1631641560, 0),
(1168, 9, 1631715932, 1),
(1169, 9, 1631730036, 1),
(1170, 7, 1631793676, 0),
(1171, 9, 1631879818, 0),
(1172, 7, 1631901423, 1),
(1173, 9, 1631968320, 1),
(1174, 9, 1631991165, 1),
(1175, 5, 1632045808, 0),
(1176, 6, 1632079436, 1),
(1177, 9, 1632131591, 1),
(1178, 6, 1632163891, 0),
(1179, 3, 1632235096, 0),
(1180, 7, 1632249992, 1),
(1181, 3, 1632298733, 0),
(1182, 5, 1632339153, 0),
(1183, 7, 1632410298, 1),
(1184, 3, 1632471254, 1),
(1185, 3, 1632488369, 1),
(1186, 5, 1632510540, 1),
(1187, 8, 1632557288, 0),
(1188, 9, 1632572229, 1),
(1189, 9, 1632583417, 1),
(1190, 6, 1632682927, 0),
(1191, 4, 1632733465, 0),
(1192, 5, 1632768203, 1),
(1193, 5, 1632819554, 0),
(1194, 6, 1632855833, 0),
(1195, 6, 1632932821, 1),
(1196, 3, 1633002693, 0),
(1197, 4, 1633101441, 1),
(1198, 9, 1633165116, 1),
(1199, 7, 1633197945, 1),
(1200, 7, 1633250214, 0),
(1201, 9, 1633287032, 0),
(1202, 4, 1633347368, 1),
(1203, 3, 1633436084, 1),
(1204, 7, 1633457402, 0),
(1205, 8, 1633515604, 1),
(1206, 9, 1633538117, 0),
(1207, 7, 1633608327, 0),
(1208, 6, 1633683678, 0),
(1209, 7, 1633705872, 1),
(1210, 5, 1633779439, 1),
(1211, 5, 1633857000, 0),
(1212, 9, 1633884191, 0),
(1213, 7, 1633947565, 0),
(1214, 4, 1633965118, 0),
(1215, 9, 1634029131, 1),
(1216, 8, 1634057046, 0),
(1217, 8, 1634130949, 1),
(1218, 7, 1634213023, 1),
(1219, 5, 1634291337, 1),
(1220, 4, 1634305259, 1),
(1221, 4, 1634317901, 0),
(1222, 6, 1634380777, 1),
(1223, 7, 1634400695, 1),
(1224, 9, 1634411599, 1),
(1225, 5, 1634461635, 0),
(1226, 3, 1634473662, 0),
(1227, 6, 1634500152, 1),
(1228, 4, 1634567030, 0),
(1229, 8, 1634652629, 1),
(1230, 9, 1634672460, 0),
(1231, 4, 1634733917, 0),
(1232, 8, 1634804496, 0),
(1233, 3, 1634820232, 1),
(1234, 8, 1634836677, 0),
(1235, 3, 1634914978, 0),
(1236, 7, 1634989325, 0),
(1237, 9, 1635002080, 0),
(1238, 6, 1635062690, 0),
(1239, 8, 1635076114, 0),
(1240, 8, 1635093776, 0),
(1241, 9, 1635170966, 1),
(1242, 7, 1635190992, 0),
(1243, 7, 1635245615, 1),
(1244, 4, 1635333198, 1),
(1245, 3, 1635361549, 0),
(1246, 7, 1635412511, 1),
(1247, 5, 1635449394, 0),
(1248, 5, 1635523475, 0),
(1249, 6, 1635594093, 0),
(1250, 9, 1635693512, 0),
(1251, 3, 1635774810, 0),
(1252, 3, 1635800105, 0),
(1253, 5, 1635875096, 1),
(1254, 4, 1635950484, 0),
(1255, 7, 1636026196, 0),
(1256, 7, 1636055241, 1),
(1257, 4, 1636126959, 0),
(1258, 9, 1636136914, 0),
(1259, 7, 1636194948, 1),
(1260, 3, 1636230995, 0),
(1261, 8, 1636276269, 1),
(1262, 9, 1636289083, 0),
(1263, 7, 1636309198, 0),
(1264, 7, 1636367063, 1),
(1265, 6, 1636381811, 1),
(1266, 8, 1636390900, 1),
(1267, 7, 1636404740, 0),
(1268, 9, 1636457787, 0),
(1269, 4, 1636543029, 0),
(1270, 8, 1636573019, 1),
(1271, 5, 1636630575, 1),
(1272, 6, 1636715356, 1),
(1273, 6, 1636734047, 1),
(1274, 4, 1636803842, 1),
(1275, 9, 1636813706, 1),
(1276, 8, 1636905204, 0),
(1277, 5, 1637006913, 0),
(1278, 3, 1637078757, 1),
(1279, 9, 1637151955, 1),
(1280, 6, 1637238314, 1),
(1281, 5, 1637258099, 1),
(1282, 9, 1637328452, 1),
(1283, 5, 1637341150, 0),
(1284, 4, 1637399891, 0),
(1285, 8, 1637432549, 0),
(1286, 7, 1637499203, 0),
(1287, 9, 1637520381, 0),
(1288, 6, 1637573617, 0),
(1289, 8, 1637592658, 1),
(1290, 3, 1637673736, 0),
(1291, 5, 1637771400, 1),
(1292, 5, 1637786153, 1),
(1293, 3, 1637840007, 1),
(1294, 5, 1637859848, 0),
(1295, 7, 1637872388, 0),
(1296, 5, 1637927025, 1),
(1297, 9, 1637956705, 0),
(1298, 5, 1638015519, 0),
(1299, 6, 1638037062, 1),
(1300, 8, 1638090447, 0),
(1301, 8, 1638131931, 1),
(1302, 9, 1638194531, 0),
(1303, 5, 1638204861, 1),
(1304, 6, 1638267357, 1),
(1305, 4, 1638291181, 1),
(1306, 9, 1638363016, 0),
(1307, 9, 1638442844, 0),
(1308, 9, 1638458674, 0),
(1309, 3, 1638473221, 0),
(1310, 3, 1638543699, 0),
(1311, 7, 1638555117, 1),
(1312, 7, 1638619769, 1),
(1313, 9, 1638631515, 1),
(1314, 3, 1638706299, 0),
(1315, 6, 1638793594, 1),
(1316, 3, 1638807212, 1),
(1317, 7, 1638817951, 0),
(1318, 4, 1638893131, 1),
(1319, 8, 1638957341, 0),
(1320, 3, 1638994207, 1),
(1321, 9, 1639050385, 1),
(1322, 3, 1639145781, 1),
(1323, 7, 1639157015, 1),
(1324, 3, 1639223759, 0),
(1325, 4, 1639331214, 1),
(1326, 7, 1639393537, 0),
(1327, 5, 1639427953, 1),
(1328, 8, 1639493300, 0),
(1329, 3, 1639566591, 1),
(1330, 7, 1639583950, 0),
(1331, 6, 1639651398, 0),
(1332, 4, 1639677406, 1),
(1333, 6, 1639745328, 0),
(1334, 7, 1639771082, 0),
(1335, 9, 1639839057, 0),
(1336, 4, 1639852398, 0),
(1337, 6, 1639906562, 1),
(1338, 3, 1639915990, 1),
(1339, 8, 1639937336, 0),
(1340, 4, 1640005328, 1),
(1341, 6, 1640084969, 0),
(1342, 8, 1640167141, 1),
(1343, 5, 1640178151, 1),
(1344, 3, 1640196509, 1),
(1345, 9, 1640256588, 0),
(1346, 7, 1640269751, 0),
(1347, 9, 1640281128, 0),
(1348, 4, 1640353996, 0),
(1349, 4, 1640456408, 1),
(1350, 7, 1640517324, 0),
(1351, 9, 1640550982, 1),
(1352, 9, 1640609020, 1),
(1353, 9, 1640637925, 1),
(1354, 9, 1640693645, 1),
(1355, 4, 1640710916, 1),
(1356, 4, 1640792777, 1),
(1357, 7, 1640895334, 1),
(1358, 7, 1640965348, 1),
(1359, 6, 1641040188, 0),
(1360, 8, 1641065811, 1),
(1361, 6, 1641123690, 0),
(1362, 4, 1641138937, 1),
(1363, 5, 1641206323, 1),
(1364, 5, 1641217430, 1),
(1365, 4, 1641298912, 0),
(1366, 4, 1641395968, 0),
(1367, 5, 1641409689, 0),
(1368, 4, 1641466491, 1),
(1369, 6, 1641478586, 1),
(1370, 6, 1641553710, 0),
(1371, 4, 1641564595, 0),
(1372, 4, 1641584603, 1),
(1373, 4, 1641639149, 1),
(1374, 4, 1641673169, 0),
(1375, 7, 1641745148, 0),
(1376, 7, 1641833824, 0),
(1377, 9, 1641894253, 1),
(1378, 9, 1641929471, 1),
(1379, 8, 1641982509, 0),
(1380, 3, 1642077537, 1),
(1381, 4, 1642100290, 1),
(1382, 5, 1642152686, 0),
(1383, 3, 1642252237, 1),
(1384, 7, 1642325690, 1),
(1385, 9, 1642346504, 1),
(1386, 4, 1642363796, 0),
(1387, 7, 1642412770, 1),
(1388, 9, 1642431361, 0),
(1389, 9, 1642499429, 0),
(1390, 3, 1642532857, 0),
(1391, 4, 1642603503, 1),
(1392, 9, 1642683013, 1),
(1393, 3, 1642705330, 1),
(1394, 3, 1642762358, 1),
(1395, 8, 1642785775, 1),
(1396, 7, 1642868320, 0),
(1397, 7, 1642931809, 1),
(1398, 7, 1642959773, 0),
(1399, 5, 1643030080, 0),
(1400, 5, 1643055715, 0),
(1401, 8, 1643120492, 1),
(1402, 9, 1643221012, 1),
(1403, 3, 1643280411, 0),
(1404, 5, 1643314554, 1),
(1405, 4, 1643364137, 0),
(1406, 7, 1643399785, 0),
(1407, 8, 1643447754, 1),
(1408, 8, 1643473793, 0),
(1409, 5, 1643548513, 1),
(1410, 8, 1643559561, 0),
(1411, 4, 1643575548, 1),
(1412, 6, 1643626464, 0),
(1413, 7, 1643709078, 0),
(1414, 3, 1643741892, 1),
(1415, 3, 1643799733, 0),
(1416, 8, 1643815283, 1),
(1417, 5, 1643901590, 0),
(1418, 3, 1643921208, 0),
(1419, 3, 1643966631, 0),
(1420, 4, 1643992834, 1),
(1421, 9, 1644062481, 0),
(1422, 4, 1644094595, 1),
(1423, 4, 1644165353, 1),
(1424, 8, 1644232060, 1),
(1425, 5, 1644338313, 0),
(1426, 8, 1644352381, 1),
(1427, 8, 1644405796, 1),
(1428, 9, 1644435415, 0),
(1429, 5, 1644485216, 1),
(1430, 7, 1644504935, 0),
(1431, 6, 1644523383, 1),
(1432, 9, 1644594965, 0),
(1433, 3, 1644664488, 1),
(1434, 7, 1644679904, 1),
(1435, 6, 1644749912, 1),
(1436, 7, 1644765598, 0),
(1437, 8, 1644836925, 1),
(1438, 8, 1644859185, 0),
(1439, 3, 1644937732, 1),
(1440, 6, 1644948101, 0),
(1441, 9, 1645002163, 0),
(1442, 9, 1645029209, 1),
(1443, 9, 1645040432, 0),
(1444, 7, 1645098975, 1),
(1445, 8, 1645119020, 0),
(1446, 4, 1645183074, 0),
(1447, 7, 1645197618, 1),
(1448, 8, 1645263692, 1),
(1449, 8, 1645284321, 1),
(1450, 3, 1645364132, 0),
(1451, 5, 1645384826, 0),
(1452, 6, 1645453525, 0),
(1453, 9, 1645537979, 1),
(1454, 9, 1645558251, 0),
(1455, 4, 1645611925, 1),
(1456, 5, 1645701353, 0),
(1457, 9, 1645733793, 1),
(1458, 5, 1645780235, 1),
(1459, 7, 1645806129, 0),
(1460, 5, 1645876850, 1),
(1461, 7, 1645983013, 0),
(1462, 3, 1646042196, 1),
(1463, 6, 1646071523, 1),
(1464, 7, 1646139173, 0),
(1465, 5, 1646212285, 0),
(1466, 7, 1646245197, 1),
(1467, 9, 1646303380, 1),
(1468, 6, 1646326550, 0),
(1469, 3, 1646405581, 1),
(1470, 3, 1646471870, 1),
(1471, 9, 1646501700, 1),
(1472, 7, 1646575314, 0),
(1473, 3, 1646588347, 1),
(1474, 9, 1646678456, 1),
(1475, 4, 1646760792, 1),
(1476, 9, 1646772109, 1),
(1477, 5, 1646821376, 0),
(1478, 3, 1646849243, 1),
(1479, 3, 1646934341, 0),
(1480, 3, 1646993880, 0),
(1481, 3, 1647089487, 0),
(1482, 8, 1647110647, 0),
(1483, 9, 1647177057, 0),
(1484, 5, 1647257250, 0),
(1485, 6, 1647274006, 1),
(1486, 3, 1647375234, 1),
(1487, 9, 1647429796, 1),
(1488, 6, 1647509879, 1),
(1489, 4, 1647541564, 1),
(1490, 6, 1647601993, 0),
(1491, 7, 1647625169, 1),
(1492, 3, 1647691402, 1),
(1493, 5, 1647709269, 0),
(1494, 6, 1647773875, 1),
(1495, 7, 1647874976, 1),
(1496, 6, 1647884517, 0),
(1497, 8, 1647953373, 0),
(1498, 5, 1647982143, 1),
(1499, 6, 1648055135, 1),
(1500, 8, 1648124317, 0),
(1501, 6, 1648141320, 0),
(1502, 4, 1648206165, 1),
(1503, 5, 1648236177, 1),
(1504, 9, 1648299920, 1),
(1505, 5, 1648374523, 0),
(1506, 9, 1648405173, 1),
(1507, 7, 1648461700, 1),
(1508, 3, 1648556487, 1),
(1509, 6, 1648633267, 1),
(1510, 3, 1648651001, 1),
(1511, 6, 1648722047, 0),
(1512, 5, 1648747610, 0),
(1513, 5, 1648812290, 0),
(1514, 4, 1648831333, 0),
(1515, 5, 1648919324, 1),
(1516, 3, 1648983509, 1),
(1517, 3, 1649079307, 1),
(1518, 3, 1649089264, 0),
(1519, 6, 1649152960, 1),
(1520, 6, 1649243463, 0),
(1521, 6, 1649259986, 0),
(1522, 6, 1649274461, 1),
(1523, 4, 1649323894, 1),
(1524, 9, 1649346781, 0),
(1525, 5, 1649427710, 0),
(1526, 7, 1649499452, 1),
(1527, 8, 1649522925, 0),
(1528, 4, 1649610384, 1),
(1529, 5, 1649679478, 0),
(1530, 5, 1649694890, 0),
(1531, 9, 1649761244, 0),
(1532, 7, 1649781113, 1),
(1533, 8, 1649859639, 0),
(1534, 4, 1649872464, 1),
(1535, 3, 1649943657, 1),
(1536, 6, 1650033797, 0),
(1537, 9, 1650051053, 1),
(1538, 8, 1650119749, 0),
(1539, 9, 1650193158, 1),
(1540, 3, 1650206855, 0),
(1541, 4, 1650270681, 0),
(1542, 6, 1650287373, 1),
(1543, 8, 1650357038, 1),
(1544, 7, 1650393465, 0),
(1545, 3, 1650452904, 0),
(1546, 9, 1650482299, 1),
(1547, 6, 1650534073, 1),
(1548, 7, 1650564280, 0),
(1549, 7, 1650618866, 1),
(1550, 7, 1650629408, 1),
(1551, 6, 1650704389, 0),
(1552, 9, 1650726623, 0),
(1553, 5, 1650820355, 1),
(1554, 6, 1650875998, 1),
(1555, 6, 1650909983, 1),
(1556, 3, 1650971058, 0),
(1557, 4, 1650993755, 0),
(1558, 9, 1651072536, 0),
(1559, 5, 1651148418, 0),
(1560, 6, 1651174625, 0),
(1561, 4, 1651229681, 0),
(1562, 8, 1651242834, 1),
(1563, 7, 1651316858, 1),
(1564, 5, 1651345387, 1),
(1565, 5, 1651401350, 0),
(1566, 7, 1651414993, 0),
(1567, 9, 1651488385, 0),
(1568, 8, 1651577583, 1),
(1569, 3, 1651602107, 1),
(1570, 9, 1651676300, 0),
(1571, 5, 1651767893, 1),
(1572, 4, 1651852046, 1),
(1573, 4, 1651862830, 1),
(1574, 6, 1651933318, 0),
(1575, 8, 1652029735, 0),
(1576, 3, 1652106449, 0),
(1577, 4, 1652125498, 1),
(1578, 3, 1652185149, 1),
(1579, 5, 1652282212, 0),
(1580, 5, 1652294758, 1),
(1581, 7, 1652342728, 0),
(1582, 9, 1652355733, 1),
(1583, 7, 1652384915, 0),
(1584, 4, 1652432245, 1),
(1585, 5, 1652455200, 1),
(1586, 7, 1652541090, 0),
(1587, 5, 1652554364, 1),
(1588, 6, 1652608547, 0),
(1589, 9, 1652644107, 1),
(1590, 8, 1652699779, 1),
(1591, 8, 1652718780, 0),
(1592, 5, 1652791876, 1),
(1593, 4, 1652869897, 0),
(1594, 5, 1652892620, 1),
(1595, 9, 1652951472, 1),
(1596, 3, 1652971168, 0),
(1597, 5, 1653046177, 1),
(1598, 4, 1653121112, 1),
(1599, 9, 1653152596, 1),
(1600, 3, 1653208055, 1),
(1601, 8, 1653242758, 1),
(1602, 3, 1653311924, 1),
(1603, 6, 1653335430, 0),
(1604, 9, 1653411474, 0),
(1605, 9, 1653490665, 0),
(1606, 7, 1653560691, 0),
(1607, 9, 1653571877, 1),
(1608, 3, 1653639946, 0),
(1609, 9, 1653663035, 0),
(1610, 7, 1653753809, 0),
(1611, 4, 1653837750, 1),
(1612, 5, 1653849297, 1),
(1613, 4, 1653925683, 0),
(1614, 3, 1653993149, 0),
(1615, 6, 1654020221, 0),
(1616, 9, 1654094833, 1),
(1617, 8, 1654170415, 0),
(1618, 3, 1654248482, 1),
(1619, 4, 1654278440, 0),
(1620, 8, 1654337107, 1),
(1621, 3, 1654364467, 0),
(1622, 4, 1654435026, 0),
(1623, 8, 1654444907, 0),
(1624, 4, 1654510075, 0),
(1625, 6, 1654534010, 1),
(1626, 9, 1654598586, 0),
(1627, 9, 1654608711, 1),
(1628, 4, 1654680977, 1),
(1629, 7, 1654693117, 0),
(1630, 3, 1654709639, 0),
(1631, 6, 1654763865, 0),
(1632, 5, 1654788699, 1),
(1633, 9, 1654864248, 0),
(1634, 9, 1654874527, 0),
(1635, 3, 1654936501, 0),
(1636, 6, 1654969898, 0),
(1637, 3, 1655033775, 1),
(1638, 6, 1655051824, 0),
(1639, 8, 1655108059, 1),
(1640, 4, 1655131330, 1),
(1641, 3, 1655218275, 1),
(1642, 3, 1655228471, 1),
(1643, 3, 1655305742, 0),
(1644, 3, 1655321832, 1),
(1645, 9, 1655390218, 1),
(1646, 4, 1655462531, 1),
(1647, 8, 1655479184, 0),
(1648, 8, 1655543037, 0),
(1649, 7, 1655635550, 1),
(1650, 9, 1655646791, 1),
(1651, 9, 1655657780, 0),
(1652, 4, 1655735236, 1),
(1653, 7, 1655809705, 0),
(1654, 3, 1655899251, 1),
(1655, 3, 1655971943, 0),
(1656, 9, 1655987984, 0),
(1657, 9, 1656061581, 0),
(1658, 7, 1656099184, 0),
(1659, 6, 1656174948, 0),
(1660, 3, 1656249571, 0),
(1661, 5, 1656336166, 1),
(1662, 9, 1656345817, 0),
(1663, 3, 1656437279, 0),
(1664, 3, 1656508709, 1),
(1665, 5, 1656526522, 1),
(1666, 6, 1656598392, 0),
(1667, 7, 1656687732, 0),
(1668, 6, 1656759770, 0),
(1669, 4, 1656788865, 1),
(1670, 5, 1656849813, 1),
(1671, 3, 1656872520, 0),
(1672, 5, 1656934023, 1),
(1673, 9, 1656951251, 1),
(1674, 3, 1657011838, 1),
(1675, 3, 1657034022, 0),
(1676, 6, 1657098988, 1),
(1677, 5, 1657113270, 1),
(1678, 6, 1657190958, 0),
(1679, 3, 1657204608, 0),
(1680, 5, 1657273652, 0),
(1681, 5, 1657290861, 0),
(1682, 6, 1657364901, 1),
(1683, 6, 1657375330, 0),
(1684, 3, 1657389528, 0),
(1685, 7, 1657457915, 1),
(1686, 5, 1657481303, 1),
(1687, 9, 1657535827, 0),
(1688, 8, 1657553467, 0),
(1689, 9, 1657645207, 1),
(1690, 9, 1657706873, 0),
(1691, 8, 1657739043, 0),
(1692, 8, 1657793047, 1),
(1693, 4, 1657874798, 0),
(1694, 6, 1657893142, 0),
(1695, 9, 1657985876, 1),
(1696, 6, 1658075235, 0),
(1697, 7, 1658136556, 1),
(1698, 3, 1658166858, 0),
(1699, 4, 1658227405, 1),
(1700, 5, 1658260392, 0),
(1701, 6, 1658314656, 1),
(1702, 3, 1658338893, 1),
(1703, 5, 1658405802, 0),
(1704, 7, 1658514889, 1),
(1705, 6, 1658571069, 1),
(1706, 8, 1658651289, 0),
(1707, 6, 1658660637, 1),
(1708, 6, 1658690664, 0),
(1709, 6, 1658739330, 0),
(1710, 9, 1658756812, 1),
(1711, 8, 1658827032, 0),
(1712, 7, 1658840264, 0),
(1713, 8, 1658933162, 1),
(1714, 7, 1659013417, 1),
(1715, 4, 1659121266, 1),
(1716, 5, 1659173203, 1),
(1717, 8, 1659192575, 0),
(1718, 8, 1659205952, 1),
(1719, 5, 1659259640, 0),
(1720, 5, 1659288659, 0),
(1721, 5, 1659361751, 0),
(1722, 3, 1659432127, 1),
(1723, 4, 1659462600, 0),
(1724, 4, 1659523900, 0),
(1725, 7, 1659545995, 1),
(1726, 7, 1659624840, 1),
(1727, 3, 1659694437, 1),
(1728, 3, 1659727605, 1),
(1729, 5, 1659787914, 1),
(1730, 5, 1659862770, 1),
(1731, 4, 1659900267, 0),
(1732, 9, 1659954547, 1),
(1733, 7, 1659986222, 0),
(1734, 9, 1660035468, 0),
(1735, 4, 1660074644, 1),
(1736, 4, 1660138590, 1),
(1737, 6, 1660233783, 1),
(1738, 4, 1660297130, 0),
(1739, 5, 1660307189, 1),
(1740, 9, 1660327948, 1),
(1741, 7, 1660398532, 1),
(1742, 7, 1660478274, 1),
(1743, 9, 1660494045, 1),
(1744, 8, 1660555827, 1),
(1745, 7, 1660570798, 0),
(1746, 7, 1660654522, 1),
(1747, 3, 1660739437, 1),
(1748, 8, 1660759041, 0),
(1749, 5, 1660824612, 1),
(1750, 8, 1660907840, 1),
(1751, 9, 1660931843, 1),
(1752, 7, 1660996020, 1),
(1753, 9, 1661012223, 0),
(1754, 3, 1661089271, 1),
(1755, 5, 1661172765, 0),
(1756, 9, 1661198038, 0),
(1757, 6, 1661246485, 1),
(1758, 5, 1661267623, 0),
(1759, 4, 1661349612, 0),
(1760, 7, 1661363956, 0),
(1761, 8, 1661415545, 0),
(1762, 5, 1661446006, 0),
(1763, 9, 1661526601, 1),
(1764, 8, 1661536120, 1),
(1765, 6, 1661607441, 1),
(1766, 8, 1661622501, 1),
(1767, 9, 1661700492, 0),
(1768, 9, 1661788330, 0),
(1769, 8, 1661852629, 1),
(1770, 8, 1661874794, 0),
(1771, 8, 1661943451, 1),
(1772, 3, 1661954781, 0),
(1773, 7, 1662047973, 1),
(1774, 6, 1662110818, 0),
(1775, 8, 1662138829, 1),
(1776, 6, 1662213663, 1),
(1777, 6, 1662298463, 0),
(1778, 9, 1662369860, 1),
(1779, 8, 1662400580, 0),
(1780, 8, 1662453768, 0),
(1781, 7, 1662486153, 0),
(1782, 8, 1662563295, 0),
(1783, 4, 1662654730, 0),
(1784, 6, 1662723897, 0),
(1785, 7, 1662819190, 1),
(1786, 8, 1662894166, 1),
(1787, 9, 1662983476, 1),
(1788, 4, 1663060489, 1),
(1789, 3, 1663086208, 0),
(1790, 5, 1663150020, 1),
(1791, 8, 1663246017, 1),
(1792, 6, 1663323588, 0),
(1793, 8, 1663358287, 1),
(1794, 3, 1663408448, 1),
(1795, 4, 1663418569, 1),
(1796, 8, 1663494942, 1),
(1797, 9, 1663510905, 1),
(1798, 4, 1663522640, 0),
(1799, 8, 1663611793, 1),
(1800, 7, 1663680623, 0),
(1801, 7, 1663747522, 0),
(1802, 4, 1663782383, 1),
(1803, 9, 1663853939, 1),
(1804, 5, 1663944961, 0),
(1805, 7, 1664036438, 0),
(1806, 7, 1664045632, 0),
(1807, 5, 1664098677, 1),
(1808, 4, 1664120358, 0),
(1809, 9, 1664190194, 0),
(1810, 3, 1664212465, 1),
(1811, 3, 1664277676, 1),
(1812, 7, 1664305375, 1),
(1813, 7, 1664352325, 1),
(1814, 6, 1664392638, 0),
(1815, 9, 1664473838, 0),
(1816, 4, 1664547955, 0),
(1817, 3, 1664561436, 1),
(1818, 9, 1664629887, 0),
(1819, 9, 1664653907, 1),
(1820, 3, 1664700243, 0),
(1821, 7, 1664732462, 0),
(1822, 4, 1664797239, 1),
(1823, 7, 1664899191, 0),
(1824, 7, 1664974500, 1),
(1825, 7, 1664996770, 1),
(1826, 8, 1665068162, 1),
(1827, 6, 1665083124, 1),
(1828, 6, 1665133962, 0),
(1829, 3, 1665165067, 0),
(1830, 9, 1665217632, 1),
(1831, 8, 1665236578, 0),
(1832, 5, 1665303701, 1),
(1833, 5, 1665330016, 1),
(1834, 9, 1665392026, 1),
(1835, 6, 1665480835, 1),
(1836, 5, 1665509147, 0),
(1837, 5, 1665575093, 0),
(1838, 6, 1665585803, 1),
(1839, 8, 1665603420, 0),
(1840, 7, 1665655585, 0),
(1841, 5, 1665679501, 0),
(1842, 5, 1665741404, 1),
(1843, 7, 1665753619, 0),
(1844, 6, 1665852263, 0),
(1845, 7, 1665940014, 0),
(1846, 8, 1666014489, 1),
(1847, 6, 1666088562, 0),
(1848, 3, 1666109418, 1),
(1849, 6, 1666190504, 1),
(1850, 5, 1666272273, 0),
(1851, 7, 1666354062, 0),
(1852, 5, 1666371076, 1),
(1853, 4, 1666429227, 0),
(1854, 9, 1666464035, 1),
(1855, 8, 1666543111, 1),
(1856, 4, 1666602307, 1),
(1857, 8, 1666709954, 0),
(1858, 5, 1666773681, 0),
(1859, 4, 1666789288, 0),
(1860, 9, 1666809895, 0),
(1861, 9, 1666889341, 0),
(1862, 4, 1666900574, 0),
(1863, 4, 1666969696, 0),
(1864, 7, 1666982821, 1),
(1865, 9, 1667042179, 0),
(1866, 4, 1667057331, 0),
(1867, 5, 1667139063, 1),
(1868, 3, 1667156094, 1),
(1869, 8, 1667228671, 0),
(1870, 8, 1667248605, 1),
(1871, 3, 1667314445, 1),
(1872, 5, 1667399643, 1),
(1873, 3, 1667417630, 1),
(1874, 6, 1667472351, 0),
(1875, 5, 1667489977, 0),
(1876, 5, 1667569968, 0),
(1877, 9, 1667640060, 1),
(1878, 8, 1667677709, 1),
(1879, 8, 1667729241, 1),
(1880, 4, 1667762176, 0),
(1881, 3, 1667829270, 0),
(1882, 4, 1667850656, 0),
(1883, 7, 1667915170, 1),
(1884, 6, 1668005576, 0),
(1885, 8, 1668088996, 1),
(1886, 8, 1668162787, 1),
(1887, 5, 1668172632, 0),
(1888, 6, 1668261566, 0),
(1889, 9, 1668271939, 1),
(1890, 4, 1668331839, 0),
(1891, 9, 1668340855, 0),
(1892, 7, 1668430547, 0),
(1893, 8, 1668510347, 0),
(1894, 5, 1668613068, 1),
(1895, 8, 1668685651, 0),
(1896, 4, 1668714850, 0),
(1897, 6, 1668767460, 1),
(1898, 9, 1668866657, 1),
(1899, 9, 1668880563, 0),
(1900, 3, 1668945390, 0),
(1901, 9, 1668958044, 1),
(1902, 5, 1668972855, 1),
(1903, 5, 1669029012, 0),
(1904, 5, 1669061717, 1),
(1905, 6, 1669111350, 1),
(1906, 3, 1669134581, 1),
(1907, 4, 1669212271, 1),
(1908, 6, 1669287247, 0),
(1909, 8, 1669306743, 0),
(1910, 4, 1669367009, 0),
(1911, 8, 1669382521, 1),
(1912, 6, 1669466978, 1),
(1913, 9, 1669491791, 0),
(1914, 8, 1669542263, 0),
(1915, 5, 1669561297, 1),
(1916, 6, 1669632744, 0),
(1917, 4, 1669653175, 0),
(1918, 6, 1669728789, 1),
(1919, 4, 1669752095, 0),
(1920, 9, 1669825496, 1),
(1921, 3, 1669840217, 0),
(1922, 6, 1669890920, 0),
(1923, 8, 1669920000, 0),
(1924, 4, 1669980797, 1),
(1925, 3, 1670001473, 1),
(1926, 4, 1670073801, 1),
(1927, 7, 1670146312, 1),
(1928, 8, 1670184177, 0),
(1929, 8, 1670247920, 0),
(1930, 7, 1670258230, 0),
(1931, 4, 1670318342, 0),
(1932, 8, 1670333957, 1),
(1933, 5, 1670412427, 0),
(1934, 9, 1670494410, 1),
(1935, 7, 1670516783, 0),
(1936, 9, 1670585154, 0),
(1937, 8, 1670616657, 1),
(1938, 4, 1670680382, 0),
(1939, 6, 1670700055, 0),
(1940, 3, 1670749933, 1),
(1941, 4, 1670778672, 1),
(1942, 8, 1670847516, 1),
(1943, 6, 1670865725, 1),
(1944, 5, 1670875700, 0),
(1945, 8, 1670948590, 1),
(1946, 8, 1670958778, 0),
(1947, 8, 1671020901, 0),
(1948, 7, 1671108467, 0),
(1949, 7, 1671124043, 1),
(1950, 5, 1671211364, 1),
(1951, 8, 1671282411, 0),
(1952, 5, 1671303045, 0),
(1953, 7, 1671358483, 1),
(1954, 9, 1671466378, 1),
(1955, 7, 1671531566, 0),
(1956, 3, 1671557936, 1),
(1957, 4, 1671615667, 1),
(1958, 9, 1671643280, 1),
(1959, 3, 1671706920, 0),
(1960, 7, 1671723179, 1),
(1961, 3, 1671798932, 1),
(1962, 8, 1671822388, 1),
(1963, 9, 1671891807, 1),
(1964, 4, 1671912674, 0),
(1965, 4, 1671960013, 0),
(1966, 4, 1672001708, 0),
(1967, 6, 1672050743, 0),
(1968, 5, 1672064649, 1),
(1969, 8, 1672079818, 1),
(1970, 8, 1672147574, 1),
(1971, 5, 1672172079, 0),
(1972, 3, 1672220015, 0),
(1973, 3, 1672239511, 0),
(1974, 4, 1672259168, 1),
(1975, 7, 1672307140, 0),
(1976, 5, 1672323621, 1),
(1977, 9, 1672418608, 0),
(1978, 8, 1672478470, 0),
(1979, 9, 1672501047, 0),
(1980, 3, 1672585194, 1),
(1981, 3, 1672658730, 0),
(1982, 8, 1672670792, 0),
(1983, 7, 1672738424, 0),
(1984, 3, 1672761623, 1),
(1985, 8, 1672772611, 0),
(1986, 4, 1672840359, 0),
(1987, 9, 1672851027, 1),
(1988, 5, 1672910219, 1),
(1989, 9, 1672943520, 1),
(1990, 9, 1673003091, 0),
(1991, 7, 1673038173, 1),
(1992, 8, 1673096117, 0),
(1993, 3, 1673175255, 1),
(1994, 5, 1673190218, 0),
(1995, 6, 1673259467, 0),
(1996, 5, 1673271803, 0),
(1997, 8, 1673344421, 1),
(1998, 4, 1673360924, 1),
(1999, 9, 1673431280, 1),
(2000, 3, 1673456585, 0),
(2001, 9, 1673521116, 0),
(2002, 4, 1673553219, 0),
(2003, 4, 1673606511, 0),
(2004, 3, 1673625936, 1),
(2005, 8, 1673697845, 0),
(2006, 8, 1673719244, 1),
(2007, 8, 1673785134, 0),
(2008, 6, 1673808203, 0),
(2009, 9, 1673880866, 1),
(2010, 3, 1673964837, 1),
(2011, 5, 1673975166, 0),
(2012, 3, 1673988098, 0),
(2013, 7, 1674042552, 0),
(2014, 4, 1674131197, 1),
(2015, 8, 1674224060, 0),
(2016, 9, 1674235593, 1),
(2017, 6, 1674248255, 1),
(2018, 5, 1674292951, 0),
(2019, 8, 1674321975, 0),
(2020, 6, 1674387681, 1),
(2021, 4, 1674415080, 0),
(2022, 9, 1674474298, 1),
(2023, 4, 1674505583, 1),
(2024, 9, 1674578354, 1),
(2025, 8, 1674592147, 0),
(2026, 6, 1674648954, 1),
(2027, 9, 1674663803, 1),
(2028, 3, 1624557300, 0);

-- --------------------------------------------------------

--
-- Table structure for table `seats`
--

CREATE TABLE `seats` (
  `id` int(3) NOT NULL,
  `row_no` int(2) DEFAULT NULL,
  `column_no` int(2) DEFAULT NULL
) ENGINE=InnoDB DEFAULT CHARSET=utf8mb4;

--
-- Dumping data for table `seats`
--

INSERT INTO `seats` (`id`, `row_no`, `column_no`) VALUES
(1, 0, 0),
(2, 1, 0),
(3, 2, 0),
(4, 3, 0),
(5, 4, 0),
(6, 5, 0),
(7, 6, 0),
(8, 7, 0),
(9, 8, 0),
(10, 9, 0),
(11, 0, 1),
(12, 1, 1),
(13, 2, 1),
(14, 3, 1),
(15, 4, 1),
(16, 5, 1),
(17, 6, 1),
(18, 7, 1),
(19, 8, 1),
(20, 9, 1),
(21, 0, 2),
(22, 1, 2),
(23, 2, 2),
(24, 3, 2),
(25, 4, 2),
(26, 5, 2),
(27, 6, 2),
(28, 7, 2),
(29, 8, 2),
(30, 9, 2),
(31, 0, 3),
(32, 1, 3),
(33, 2, 3),
(34, 3, 3),
(35, 4, 3),
(36, 5, 3),
(37, 6, 3),
(38, 7, 3),
(39, 8, 3),
(40, 9, 3),
(41, 0, 4),
(42, 1, 4),
(43, 2, 4),
(44, 3, 4),
(45, 4, 4),
(46, 5, 4),
(47, 6, 4),
(48, 7, 4),
(49, 8, 4),
(50, 9, 4),
(51, 0, 5),
(52, 1, 5),
(53, 2, 5),
(54, 3, 5),
(55, 4, 5),
(56, 5, 5),
(57, 6, 5),
(58, 7, 5),
(59, 8, 5),
(60, 9, 5),
(61, 0, 6),
(62, 1, 6),
(63, 2, 6),
(64, 3, 6),
(65, 4, 6),
(66, 5, 6),
(67, 6, 6),
(68, 7, 6),
(69, 8, 6),
(70, 9, 6),
(71, 0, 7),
(72, 1, 7),
(73, 2, 7),
(74, 3, 7),
(75, 4, 7),
(76, 5, 7),
(77, 6, 7),
(78, 7, 7),
(79, 8, 7),
(80, 9, 7),
(81, 0, 8),
(82, 1, 8),
(83, 2, 8),
(84, 3, 8),
(85, 4, 8),
(86, 5, 8),
(87, 6, 8),
(88, 7, 8),
(89, 8, 8),
(90, 9, 8),
(91, 0, 9),
(92, 1, 9),
(93, 2, 9),
(94, 3, 9),
(95, 4, 9),
(96, 5, 9),
(97, 6, 9),
(98, 7, 9),
(99, 8, 9),
(100, 9, 9);

-- --------------------------------------------------------

--
-- Table structure for table `tickets`
--

CREATE TABLE `tickets` (
  `id` int(5) NOT NULL,
  `user_id` int(5) DEFAULT NULL,
  `screening_id` int(5) DEFAULT NULL,
  `seat_id` int(3) DEFAULT NULL
) ENGINE=InnoDB DEFAULT CHARSET=utf8mb4;

-- --------------------------------------------------------

--
-- Table structure for table `users`
--

CREATE TABLE `users` (
  `id` int(5) NOT NULL,
  `login` varchar(20) NOT NULL,
  `password` varchar(20) NOT NULL,
  `is_admin` tinyint(1) NOT NULL
) ENGINE=InnoDB DEFAULT CHARSET=utf8mb4;

--
-- Dumping data for table `users`
--

INSERT INTO `users` (`id`, `login`, `password`, `is_admin`) VALUES
(11, 'admin1', 'zaq1@WSX', 1);

--
-- Indexes for dumped tables
--

--
-- Indexes for table `movies`
--
ALTER TABLE `movies`
  ADD PRIMARY KEY (`id`);

--
-- Indexes for table `screenings`
--
ALTER TABLE `screenings`
  ADD PRIMARY KEY (`id`),
  ADD KEY `movie_id` (`movie_id`);

--
-- Indexes for table `seats`
--
ALTER TABLE `seats`
  ADD PRIMARY KEY (`id`);

--
-- Indexes for table `tickets`
--
ALTER TABLE `tickets`
  ADD PRIMARY KEY (`id`),
  ADD KEY `user_id` (`user_id`),
  ADD KEY `screening_id` (`screening_id`),
  ADD KEY `seat_id` (`seat_id`);

--
-- Indexes for table `users`
--
ALTER TABLE `users`
  ADD PRIMARY KEY (`id`);

--
-- AUTO_INCREMENT for dumped tables
--

--
-- AUTO_INCREMENT for table `movies`
--
ALTER TABLE `movies`
  MODIFY `id` int(5) NOT NULL AUTO_INCREMENT, AUTO_INCREMENT=10;

--
-- AUTO_INCREMENT for table `screenings`
--
ALTER TABLE `screenings`
  MODIFY `id` int(5) NOT NULL AUTO_INCREMENT, AUTO_INCREMENT=2029;

--
-- AUTO_INCREMENT for table `seats`
--
ALTER TABLE `seats`
  MODIFY `id` int(3) NOT NULL AUTO_INCREMENT, AUTO_INCREMENT=101;

--
-- AUTO_INCREMENT for table `tickets`
--
ALTER TABLE `tickets`
  MODIFY `id` int(5) NOT NULL AUTO_INCREMENT, AUTO_INCREMENT=16;

--
-- AUTO_INCREMENT for table `users`
--
ALTER TABLE `users`
  MODIFY `id` int(5) NOT NULL AUTO_INCREMENT, AUTO_INCREMENT=13;

--
-- Constraints for dumped tables
--

--
-- Constraints for table `screenings`
--
ALTER TABLE `screenings`
  ADD CONSTRAINT `screenings_ibfk_1` FOREIGN KEY (`movie_id`) REFERENCES `movies` (`id`);

--
-- Constraints for table `tickets`
--
ALTER TABLE `tickets`
  ADD CONSTRAINT `tickets_ibfk_1` FOREIGN KEY (`user_id`) REFERENCES `users` (`id`),
  ADD CONSTRAINT `tickets_ibfk_2` FOREIGN KEY (`screening_id`) REFERENCES `screenings` (`id`),
  ADD CONSTRAINT `tickets_ibfk_3` FOREIGN KEY (`seat_id`) REFERENCES `seats` (`id`);
COMMIT;

/*!40101 SET CHARACTER_SET_CLIENT=@OLD_CHARACTER_SET_CLIENT */;
/*!40101 SET CHARACTER_SET_RESULTS=@OLD_CHARACTER_SET_RESULTS */;
/*!40101 SET COLLATION_CONNECTION=@OLD_COLLATION_CONNECTION */;
